environment,method,config,seed,d_aia,d_final_acc,d_avg_fgt,d_final_fgt
kaggle,EWC,-,0,-1.205500000000015,-3.3899999999999935,2.4218750000000036,5.162499999999998
kaggle,EWC,-,1,0.3645000000000067,1.3100000000000023,-1.06666666666667,-2.049999999999997
kaggle,EWC,-,2,-2.1971666666666607,-6.040000000000006,-3.0958333333333314,1.4750000000000085
kaggle,VR_OCL,mu=0.005,0,-0.6586666666666758,-3.9599999999999937,4.205208333333335,4.987499999999997
kaggle,VR_OCL,mu=0.005,1,1.1520000000000152,-1.3899999999999864,3.75416666666667,-1.0749999999999993
kaggle,VR_OCL,mu=0.005,2,-5.47433333333332,-4.279999999999994,-3.6187499999999986,-4.999999999999993
kaggle,VR_OCL,mu=0.01,0,-5.6026666666666785,-12.530000000000008,3.0812499999999936,7.199999999999996
kaggle,VR_OCL,mu=0.01,1,-0.5801666666666563,-2.229999999999997,6.576041666666669,1.1625000000000014
kaggle,VR_OCL,mu=0.01,2,-1.3363333333333145,-4.290000000000006,1.2947916666666686,-1.1124999999999972
kaggle,VR_OCL_Decay,mu=0.005,0,-0.8733333333333348,-4.449999999999996,1.9458333333333293,-0.9250000000000114
kaggle,VR_OCL_Decay,mu=0.005,1,2.1495000000000033,0.4100000000000037,3.555208333333333,-0.8874999999999957
kaggle,VR_OCL_Decay,mu=0.005,2,-2.207666666666654,-6.230000000000004,4.135416666666668,2.250000000000007
kaggle,VR_OCL_Decay,mu=0.01,0,-5.473666666666659,-5.109999999999999,-4.183333333333332,1.6249999999999964
kaggle,VR_OCL_Decay,mu=0.01,1,-1.031166666666664,-0.30999999999998806,4.785416666666666,-2.9250000000000007
kaggle,VR_OCL_Decay,mu=0.01,2,-4.010333333333335,-5.1100000000000065,3.8656249999999943,-3.4624999999999915
kaggle,VR_OCL_Adaptive,"loss-gap, mu_max=0.05, tau=0.5",0,-4.022500000000008,-1.3499999999999943,1.0645833333333314,-4.7500000000000036
kaggle,VR_OCL_Adaptive,"loss-gap, mu_max=0.05, tau=0.5",1,-0.8281666666666609,-7.669999999999995,3.7822916666666657,2.587500000000002
kaggle,VR_OCL_Adaptive,"loss-gap, mu_max=0.05, tau=0.5",2,-12.456666666666663,-11.100000000000009,6.993749999999999,3.224999999999998
