environment,folder,method,config,mu,seed,mem_size,lr,class_order,aia,avg_fgt,final_acc,final_fgt
kaggle,archive_kaggle/baselines,ER,-,,0,500,0.0005,2 8 4 9 1 6 7 3 0 5,71.78083333333333,18.16875,59.699999999999996,22.35
kaggle,archive_kaggle/baselines,ER,-,,1,500,0.0005,2 9 6 4 0 3 1 7 8 5,66.84533333333333,17.079166666666666,54.559999999999995,29.099999999999998
kaggle,archive_kaggle/baselines,ER,-,,2,500,0.0005,4 1 5 0 7 2 3 6 9 8,68.996,16.194791666666664,56.230000000000004,26.187499999999993
kaggle,archive_kaggle/baselines,EWC,-,,0,500,0.0005,2 8 4 9 1 6 7 3 0 5,70.57533333333332,20.590625000000003,56.31,27.5125
kaggle,archive_kaggle/baselines,EWC,-,,1,500,0.0005,2 9 6 4 0 3 1 7 8 5,67.20983333333334,16.012499999999996,55.87,27.05
kaggle,archive_kaggle/baselines,EWC,-,,2,500,0.0005,4 1 5 0 7 2 3 6 9 8,66.79883333333333,13.098958333333332,50.19,27.6625
kaggle,archive_kaggle/vr_mu0p005,VR_OCL,mu=0.005,0.005,0,500,0.0005,2 8 4 9 1 6 7 3 0 5,71.12216666666666,22.373958333333334,55.74,27.3375
kaggle,archive_kaggle/vr_mu0p005,VR_OCL,mu=0.005,0.005,1,500,0.0005,2 9 6 4 0 3 1 7 8 5,67.99733333333334,20.833333333333336,53.17000000000001,28.025
kaggle,archive_kaggle/vr_mu0p005,VR_OCL,mu=0.005,0.005,2,500,0.0005,4 1 5 0 7 2 3 6 9 8,63.521666666666675,12.576041666666665,51.95000000000001,21.1875
kaggle,archive_kaggle/vr_mu0p01,VR_OCL,mu=0.01,0.01,0,500,0.0005,2 8 4 9 1 6 7 3 0 5,66.17816666666666,21.249999999999993,47.16999999999999,29.549999999999997
kaggle,archive_kaggle/vr_mu0p01,VR_OCL,mu=0.01,0.01,1,500,0.0005,2 9 6 4 0 3 1 7 8 5,66.26516666666667,23.655208333333334,52.33,30.2625
kaggle,archive_kaggle/vr_mu0p01,VR_OCL,mu=0.01,0.01,2,500,0.0005,4 1 5 0 7 2 3 6 9 8,67.65966666666668,17.489583333333332,51.94,25.074999999999996
kaggle,archive_kaggle/vr_mu0p005,VR_OCL_Decay,mu=0.005,0.005,0,500,0.0005,2 8 4 9 1 6 7 3 0 5,70.9075,20.11458333333333,55.25,21.42499999999999
kaggle,archive_kaggle/vr_mu0p005,VR_OCL_Decay,mu=0.005,0.005,1,500,0.0005,2 9 6 4 0 3 1 7 8 5,68.99483333333333,20.634375,54.97,28.212500000000002
kaggle,archive_kaggle/vr_mu0p005,VR_OCL_Decay,mu=0.005,0.005,2,500,0.0005,4 1 5 0 7 2 3 6 9 8,66.78833333333334,20.33020833333333,50.0,28.4375
kaggle,archive_kaggle/vr_mu0p01,VR_OCL_Decay,mu=0.01,0.01,0,500,0.0005,2 8 4 9 1 6 7 3 0 5,66.30716666666667,13.985416666666667,54.589999999999996,23.974999999999998
kaggle,archive_kaggle/vr_mu0p01,VR_OCL_Decay,mu=0.01,0.01,1,500,0.0005,2 9 6 4 0 3 1 7 8 5,65.81416666666667,21.864583333333332,54.25000000000001,26.174999999999997
kaggle,archive_kaggle/vr_mu0p01,VR_OCL_Decay,mu=0.01,0.01,2,500,0.0005,4 1 5 0 7 2 3 6 9 8,64.98566666666666,20.060416666666658,51.12,22.725
kaggle,archive_kaggle/adaptive_v1lossgap_mumax0p05_tau0p5,VR_OCL_Adaptive,"loss-gap, mu_max=0.05, tau=0.5",,0,500,0.0005,2 8 4 9 1 6 7 3 0 5,67.75833333333333,19.23333333333333,58.35,17.599999999999998
kaggle,archive_kaggle/adaptive_v1lossgap_mumax0p05_tau0p5,VR_OCL_Adaptive,"loss-gap, mu_max=0.05, tau=0.5",,1,500,0.0005,2 9 6 4 0 3 1 7 8 5,66.01716666666667,20.86145833333333,46.89,31.6875
kaggle,archive_kaggle/adaptive_v1lossgap_mumax0p05_tau0p5,VR_OCL_Adaptive,"loss-gap, mu_max=0.05, tau=0.5",,2,500,0.0005,4 1 5 0 7 2 3 6 9 8,56.53933333333333,23.188541666666662,45.129999999999995,29.41249999999999
