method,seed,acc,fgt
ER,0,0.7432816666666666,0.12000000000000001
ER,1,0.7245316666666668,0.14951041666666667
ER,2,0.7047466666666666,0.13716666666666666
EWC,0,0.7381633333333334,0.1918645833333334
EWC,1,0.7262683333333333,0.18661458333333333
EWC,2,0.6956583333333334,0.11499999999999996
VR_OCL,0,0.7485166666666666,0.13279166666666667
VR_OCL,1,0.7290233333333334,0.16657291666666665
VR_OCL,2,0.6994499999999999,0.11471875000000001
VR_OCL_Decay,0,0.7396383333333334,0.12081250000000002
VR_OCL_Decay,1,0.7224433333333334,0.14567708333333332
VR_OCL_Decay,2,0.6989283333333334,0.16360416666666666
